--
-- File generated with SQLiteStudio v3.2.1 on èet. apr. 30 13:22:15 2020
--
-- Text encoding used: System
--
PRAGMA foreign_keys = off;
BEGIN TRANSACTION;

-- Table: BORZE
CREATE TABLE BORZE (OZNAKA STRING PRIMARY KEY, IME STRING NOT NULL, REGIJA STRING NOT NULL);
INSERT INTO BORZE (OZNAKA, IME, REGIJA) VALUES ('NYSE', 'New York Stock Exchange', 'USA');
INSERT INTO BORZE (OZNAKA, IME, REGIJA) VALUES ('NASDAQ', 'Nasdaq', 'USA');
INSERT INTO BORZE (OZNAKA, IME, REGIJA) VALUES ('JPX', 'Japan Exchange Group', 'Japan');
INSERT INTO BORZE (OZNAKA, IME, REGIJA) VALUES ('LSE', 'London Stock Exchange', 'UK');
INSERT INTO BORZE (OZNAKA, IME, REGIJA) VALUES ('SSE', 'Shanghai Stock Exchange', 'China');
INSERT INTO BORZE (OZNAKA, IME, REGIJA) VALUES ('SEHK', 'Hong Kong Stock Exchange', 'Hong Kong');
INSERT INTO BORZE (OZNAKA, IME, REGIJA) VALUES ('EEA', 'Euronext', 'European Union');
INSERT INTO BORZE (OZNAKA, IME, REGIJA) VALUES ('SZSE', 'Shenzen Stock Exchange', 'China');
INSERT INTO BORZE (OZNAKA, IME, REGIJA) VALUES ('TSX', 'TMX Group', 'Canada');
INSERT INTO BORZE (OZNAKA, IME, REGIJA) VALUES ('BSE', 'Bombay Stock Exchange', 'India');
INSERT INTO BORZE (OZNAKA, IME, REGIJA) VALUES ('ASX', 'Australian Securities Exchange', 'Australia');
INSERT INTO BORZE (OZNAKA, IME, REGIJA) VALUES ('KRX', 'Korea Exchange', 'South Korea');
INSERT INTO BORZE (OZNAKA, IME, REGIJA) VALUES ('VSE', 'Vilnius Stock Exchange', 'Lithuania');
INSERT INTO BORZE (OZNAKA, IME, REGIJA) VALUES ('ICEX', 'Iceland Stock Exchange', 'Iceland');
INSERT INTO BORZE (OZNAKA, IME, REGIJA) VALUES ('AMX', 'Armenia Securities Exchange', 'Armenia');
INSERT INTO BORZE (OZNAKA, IME, REGIJA) VALUES ('TWSE', 'Taiwan Stock Exchange', 'Taiwan');
INSERT INTO BORZE (OZNAKA, IME, REGIJA) VALUES ('MISX', 'Moscow Exchange', 'Russia');
INSERT INTO BORZE (OZNAKA, IME, REGIJA) VALUES ('BME', 'Bolsas y Mercados Espanoles', 'Spain');

-- Table: DELNICE
CREATE TABLE DELNICE (Id INTEGER PRIMARY KEY, Oznaka STRING UNIQUE NOT NULL, Ime STRING UNIQUE NOT NULL, Cena NUMERIC NOT NULL, Borza STRING REFERENCES BORZE (OZNAKA), Sektor STRING REFERENCES SEKTOR (ID), KOLICINA INTEGER);
INSERT INTO DELNICE (Id, Oznaka, Ime, Cena, Borza, Sektor, KOLICINA) VALUES (16, 'SRCE', '1ST SOURCE CORP', 50.71, 'KRX', 'XLV', 200);
INSERT INTO DELNICE (Id, Oznaka, Ime, Cena, Borza, Sektor, KOLICINA) VALUES (19, 'AIR', 'AAR CORP', 46.78, 'VSE', 'XLU', NULL);
INSERT INTO DELNICE (Id, Oznaka, Ime, Cena, Borza, Sektor, KOLICINA) VALUES (22, 'AXAS', 'ABRAXAS PETE CORP', 0.35, 'SEHK', 'XLB', NULL);
INSERT INTO DELNICE (Id, Oznaka, Ime, Cena, Borza, Sektor, KOLICINA) VALUES (29, 'ARAY', 'ACCURAY INC', 2.61, 'NASDAQ', 'XLF', NULL);
INSERT INTO DELNICE (Id, Oznaka, Ime, Cena, Borza, Sektor, KOLICINA) VALUES (33, 'ACOR', 'ACORDA THERAPEUTICS INC', 2.28, 'SSE', 'XLV', NULL);
INSERT INTO DELNICE (Id, Oznaka, Ime, Cena, Borza, Sektor, KOLICINA) VALUES (41, 'MITT', 'AG MORTGAGE INVT TR INC', 15.62, 'LSE', 'SMH', NULL);
INSERT INTO DELNICE (Id, Oznaka, Ime, Cena, Borza, Sektor, KOLICINA) VALUES (43, 'ADC', 'AGREE REALTY CORP', 69.6, 'JPX', 'XLY', NULL);
INSERT INTO DELNICE (Id, Oznaka, Ime, Cena, Borza, Sektor, KOLICINA) VALUES (46, 'AKS', 'AK STEEL HOLDING CORP', 3.05, 'ASX', 'XLI', NULL);
INSERT INTO DELNICE (Id, Oznaka, Ime, Cena, Borza, Sektor, KOLICINA) VALUES (49, 'AIN', 'ALBANY INTERNATIONAL', 76.7, 'LSE', 'XLY', NULL);
INSERT INTO DELNICE (Id, Oznaka, Ime, Cena, Borza, Sektor, KOLICINA) VALUES (50, 'ALEX', 'ALEXANDER & BALDWIN INC', 21.7, 'SSE', 'XLT', NULL);
INSERT INTO DELNICE (Id, Oznaka, Ime, Cena, Borza, Sektor, KOLICINA) VALUES (60, 'ATEC', 'ALPHATEC HOLDINGS', 6.65, 'SZSE', 'XLF', NULL);
INSERT INTO DELNICE (Id, Oznaka, Ime, Cena, Borza, Sektor, KOLICINA) VALUES (61, 'RESI', 'ALTISOURCE RESIDENTIAL', 12.3, 'SEHK', 'IYR', NULL);
INSERT INTO DELNICE (Id, Oznaka, Ime, Cena, Borza, Sektor, KOLICINA) VALUES (77, 'CRMT', 'AMERICAS CAR-MART INC', 106.81, 'AMX', 'XLF', NULL);
INSERT INTO DELNICE (Id, Oznaka, Ime, Cena, Borza, Sektor, KOLICINA) VALUES (80, 'ATLO', 'AMES NATL CORP', 27.4, 'KRX', 'XLE', NULL);
INSERT INTO DELNICE (Id, Oznaka, Ime, Cena, Borza, Sektor, KOLICINA) VALUES (82, 'AMKR', 'AMKOR TECHNOLOGY INC', 12.93, 'JPX', 'XLY', NULL);
INSERT INTO DELNICE (Id, Oznaka, Ime, Cena, Borza, Sektor, KOLICINA) VALUES (93, 'ARI', 'APOLLO COMMERCIAL RE', 18.13, 'SZSE', 'XLU', NULL);
INSERT INTO DELNICE (Id, Oznaka, Ime, Cena, Borza, Sektor, KOLICINA) VALUES (94, 'AINV', 'APOLLO INVESTMENT CORP', 17.49, 'AMX', 'XLF', NULL);
INSERT INTO DELNICE (Id, Oznaka, Ime, Cena, Borza, Sektor, KOLICINA) VALUES (97, 'ARNA', 'ARENA PHARMACEUTICALS', 46.27, 'MISX', 'SMH', NULL);
INSERT INTO DELNICE (Id, Oznaka, Ime, Cena, Borza, Sektor, KOLICINA) VALUES (121, 'BKR', 'BAKER MICHAEL CORP', 25.04, 'SSE', 'XLT', NULL);
INSERT INTO DELNICE (Id, Oznaka, Ime, Cena, Borza, Sektor, KOLICINA) VALUES (124, 'BLX', 'BANCO LATINOAMERICANO', 22.17, 'BME', 'XLV', NULL);
INSERT INTO DELNICE (Id, Oznaka, Ime, Cena, Borza, Sektor, KOLICINA) VALUES (128, 'BFIN', 'BANKFINANCIAL CORP', 12.9, 'TSX', 'XLY', NULL);
INSERT INTO DELNICE (Id, Oznaka, Ime, Cena, Borza, Sektor, KOLICINA) VALUES (133, 'BBX', 'BBX CAPITAL CORPORATION', 4.26, 'SEHK', 'XLE', NULL);
INSERT INTO DELNICE (Id, Oznaka, Ime, Cena, Borza, Sektor, KOLICINA) VALUES (142, 'BGFV', 'BIG 5 SPORTING GOODS', 3.16, 'VSE', 'XLU', NULL);
INSERT INTO DELNICE (Id, Oznaka, Ime, Cena, Borza, Sektor, KOLICINA) VALUES (143, 'BDSI', 'BIODELIVERY SCIENCES', 5.89, 'SEHK', 'SMH', NULL);
INSERT INTO DELNICE (Id, Oznaka, Ime, Cena, Borza, Sektor, KOLICINA) VALUES (145, 'BIOS', 'BIOSCRIP INC', 4.13, 'VSE', 'XLE', NULL);
INSERT INTO DELNICE (Id, Oznaka, Ime, Cena, Borza, Sektor, KOLICINA) VALUES (146, 'BJRI', 'BJS RESTAURANTS INC', 39.99, 'AMX', 'SMH', NULL);
INSERT INTO DELNICE (Id, Oznaka, Ime, Cena, Borza, Sektor, KOLICINA) VALUES (148, 'BLKB', 'BLACKBAUD INC', 79.34, 'BSE', 'XLB', NULL);
INSERT INTO DELNICE (Id, Oznaka, Ime, Cena, Borza, Sektor, KOLICINA) VALUES (151, 'BCOR', 'BLUCORA INC', 25.24, 'BSE', 'XLP', NULL);
INSERT INTO DELNICE (Id, Oznaka, Ime, Cena, Borza, Sektor, KOLICINA) VALUES (156, 'SAM', 'BOSTON BEER INC', 369.48, 'VSE', 'XLT', NULL);
INSERT INTO DELNICE (Id, Oznaka, Ime, Cena, Borza, Sektor, KOLICINA) VALUES (160, 'BRC', 'BRADY CORP', 57.02, 'AMX', 'IYR', NULL);
INSERT INTO DELNICE (Id, Oznaka, Ime, Cena, Borza, Sektor, KOLICINA) VALUES (170, 'BKE', 'BUCKLE INC', 25.21, 'ASX', 'SMH', NULL);
INSERT INTO DELNICE (Id, Oznaka, Ime, Cena, Borza, Sektor, KOLICINA) VALUES (172, 'CFFI', 'C & F FINANCIAL CORP', 52.81, 'VSE', 'XLF', NULL);
INSERT INTO DELNICE (Id, Oznaka, Ime, Cena, Borza, Sektor, KOLICINA) VALUES (176, 'CALM', 'CAL MAINE FOODS INC', 38, 'SSE', 'XLY', NULL);
INSERT INTO DELNICE (Id, Oznaka, Ime, Cena, Borza, Sektor, KOLICINA) VALUES (182, 'ELY', 'CALLAWAY GOLF CO', 21.98, 'MISX', 'XLY', NULL);
INSERT INTO DELNICE (Id, Oznaka, Ime, Cena, Borza, Sektor, KOLICINA) VALUES (186, 'CSU', 'CAPITAL SENIOR LIVING', 3.16, 'NASDAQ', 'XLU', NULL);
INSERT INTO DELNICE (Id, Oznaka, Ime, Cena, Borza, Sektor, KOLICINA) VALUES (190, 'CPST', 'CAPSTONE TURBINE CORP', 3.05, 'VSE', 'SMH', NULL);
INSERT INTO DELNICE (Id, Oznaka, Ime, Cena, Borza, Sektor, KOLICINA) VALUES (197, 'CASS', 'CASS INFORMATION SYSTEM', 56.48, 'VSE', 'XLF', NULL);
INSERT INTO DELNICE (Id, Oznaka, Ime, Cena, Borza, Sektor, KOLICINA) VALUES (200, 'CVCO', 'CAVCO INDUSTRIES INC', 197.93, 'MISX', 'XLE', NULL);
INSERT INTO DELNICE (Id, Oznaka, Ime, Cena, Borza, Sektor, KOLICINA) VALUES (204, 'CTIC', 'CELL THERAPEUTICS INC', 1.44, 'AMX', 'XLT', NULL);
INSERT INTO DELNICE (Id, Oznaka, Ime, Cena, Borza, Sektor, KOLICINA) VALUES (207, 'CSFL', 'CENTERSTATE BANKS INC', 24.13, 'LSE', 'XLV', NULL);
INSERT INTO DELNICE (Id, Oznaka, Ime, Cena, Borza, Sektor, KOLICINA) VALUES (208, 'CETV', 'CENTRAL EUROPEAN MEDIA', 4.47, 'LSE', 'XLB', NULL);
INSERT INTO DELNICE (Id, Oznaka, Ime, Cena, Borza, Sektor, KOLICINA) VALUES (216, 'CLDT', 'CHATHAM LODGING TR', 17.58, 'SEHK', 'XLE', NULL);
INSERT INTO DELNICE (Id, Oznaka, Ime, Cena, Borza, Sektor, KOLICINA) VALUES (221, 'CHMG', 'CHEMUNG FINL CORP', 42.35, 'TWSE', 'XLU', NULL);
INSERT INTO DELNICE (Id, Oznaka, Ime, Cena, Borza, Sektor, KOLICINA) VALUES (232, 'CIA', 'CITIZENS INC', 6.77, 'BME', 'XLU', NULL);
INSERT INTO DELNICE (Id, Oznaka, Ime, Cena, Borza, Sektor, KOLICINA) VALUES (247, 'CLNY', 'COLONY FINANCIAL INC', 4.84, 'VSE', 'XLF', NULL);
INSERT INTO DELNICE (Id, Oznaka, Ime, Cena, Borza, Sektor, KOLICINA) VALUES (251, 'FIX', 'COMFORT SYSTEMS USA INC', 48.37, 'SSE', 'XLB', NULL);
INSERT INTO DELNICE (Id, Oznaka, Ime, Cena, Borza, Sektor, KOLICINA) VALUES (252, 'CMC', 'COMMERCIAL METALS CO', 22.8, 'MISX', 'XLF', NULL);
INSERT INTO DELNICE (Id, Oznaka, Ime, Cena, Borza, Sektor, KOLICINA) VALUES (254, 'CBU', 'COMMUNITY BANK SYSTEMS', 71.21, 'TSX', 'XLF', NULL);
INSERT INTO DELNICE (Id, Oznaka, Ime, Cena, Borza, Sektor, KOLICINA) VALUES (259, 'CIX', 'COMPX INTERNATIONAL', 15.2, 'AMX', 'SMH', NULL);
INSERT INTO DELNICE (Id, Oznaka, Ime, Cena, Borza, Sektor, KOLICINA) VALUES (265, 'CONN', 'CONNS INC', 10.62, 'NYSE', 'XLY', NULL);
INSERT INTO DELNICE (Id, Oznaka, Ime, Cena, Borza, Sektor, KOLICINA) VALUES (273, 'CORE', 'CORE MARK HOLDING CO IN', 25.09, 'BSE', 'XLB', NULL);
INSERT INTO DELNICE (Id, Oznaka, Ime, Cena, Borza, Sektor, KOLICINA) VALUES (275, 'CSOD', 'CORNERSTONE ONDEMAND IN', 59.3, 'AMX', 'XLF', NULL);
INSERT INTO DELNICE (Id, Oznaka, Ime, Cena, Borza, Sektor, KOLICINA) VALUES (278, 'CSGP', 'COSTAR GROUP INC', 629.69, 'BME', 'XLI', NULL);
INSERT INTO DELNICE (Id, Oznaka, Ime, Cena, Borza, Sektor, KOLICINA) VALUES (280, 'COWN', 'COWEN GROUP INC', 16.55, 'SEHK', 'XLT', NULL);
INSERT INTO DELNICE (Id, Oznaka, Ime, Cena, Borza, Sektor, KOLICINA) VALUES (281, 'CRAI', 'CRA INTERNATIONAL INC', 54.49, 'KRX', 'XLB', NULL);
INSERT INTO DELNICE (Id, Oznaka, Ime, Cena, Borza, Sektor, KOLICINA) VALUES (293, 'CMLS', 'CUMULUS MEDIA INC', 16.42, 'NASDAQ', 'XLU', NULL);
INSERT INTO DELNICE (Id, Oznaka, Ime, Cena, Borza, Sektor, KOLICINA) VALUES (302, 'DAR', 'DARLING INTERNATIONAL', 28.49, 'LSE', 'XLT', NULL);
INSERT INTO DELNICE (Id, Oznaka, Ime, Cena, Borza, Sektor, KOLICINA) VALUES (307, 'DHIL', 'DIAMOND HILL INVESTMENT', 141.7, 'SZSE', 'XLE', NULL);
INSERT INTO DELNICE (Id, Oznaka, Ime, Cena, Borza, Sektor, KOLICINA) VALUES (312, 'DMRC', 'DIGIMARC CORPORATION', 35.94, 'TSX', 'IYR', NULL);
INSERT INTO DELNICE (Id, Oznaka, Ime, Cena, Borza, Sektor, KOLICINA) VALUES (314, 'DCOM', 'DIME CMNTY BANCSHARES', 19.99, 'SZSE', 'XLE', NULL);
INSERT INTO DELNICE (Id, Oznaka, Ime, Cena, Borza, Sektor, KOLICINA) VALUES (318, 'PLOW', 'DOUGLAS DYNAMICS INC', 56.04, 'KRX', 'XLP', NULL);
INSERT INTO DELNICE (Id, Oznaka, Ime, Cena, Borza, Sektor, KOLICINA) VALUES (321, 'DXPE', 'DXP ENTERPRISES INC NEW', 39.4, 'SSE', 'XLF', NULL);
INSERT INTO DELNICE (Id, Oznaka, Ime, Cena, Borza, Sektor, KOLICINA) VALUES (322, 'BOOM', 'DYNAMIC MATERIALS CORP', 44.85, 'AMX', 'IYR', NULL);
INSERT INTO DELNICE (Id, Oznaka, Ime, Cena, Borza, Sektor, KOLICINA) VALUES (325, 'EGP', 'EASTGROUP PROPERTIES IN', 130.8, 'SEHK', 'IYR', NULL);
INSERT INTO DELNICE (Id, Oznaka, Ime, Cena, Borza, Sektor, KOLICINA) VALUES (332, 'EBS', 'EMERGENT BIOSOLUTIONS', 56.68, 'ASX', 'XLU', NULL);
INSERT INTO DELNICE (Id, Oznaka, Ime, Cena, Borza, Sektor, KOLICINA) VALUES (334, 'ENTA', 'ENANTA PHARMACEUTICALS', 60.33, 'AMX', 'XLF', NULL);
INSERT INTO DELNICE (Id, Oznaka, Ime, Cena, Borza, Sektor, KOLICINA) VALUES (336, 'WIRE', 'ENCORE WIRE CORP', 56.83, 'TWSE', 'XLV', NULL);
INSERT INTO DELNICE (Id, Oznaka, Ime, Cena, Borza, Sektor, KOLICINA) VALUES (337, 'ELGX', 'ENDOLOGIX INC', 1.91, 'TWSE', 'XLP', NULL);
INSERT INTO DELNICE (Id, Oznaka, Ime, Cena, Borza, Sektor, KOLICINA) VALUES (340, 'EBF', 'ENNIS INC', 21.26, 'LSE', 'XLE', NULL);
INSERT INTO DELNICE (Id, Oznaka, Ime, Cena, Borza, Sektor, KOLICINA) VALUES (347, 'EBTC', 'ENTERPRISE BANCORP INC', 33.5, 'EEA', 'XLV', NULL);
INSERT INTO DELNICE (Id, Oznaka, Ime, Cena, Borza, Sektor, KOLICINA) VALUES (348, 'EFSC', 'ENTERPRISE FINL SERVICE', 48.18, 'ASX', 'SMH', NULL);
INSERT INTO DELNICE (Id, Oznaka, Ime, Cena, Borza, Sektor, KOLICINA) VALUES (350, 'ENV', 'ENVESTNET INC', 73.63, 'AMX', 'XLI', NULL);
INSERT INTO DELNICE (Id, Oznaka, Ime, Cena, Borza, Sektor, KOLICINA) VALUES (354, 'EPR', 'EPR PROPERTIES', 70.15, 'ASX', 'SMH', NULL);
INSERT INTO DELNICE (Id, Oznaka, Ime, Cena, Borza, Sektor, KOLICINA) VALUES (362, 'EPM', 'EVOLUTION PETROLEUM COR', 5.3, 'VSE', 'IYR', NULL);
INSERT INTO DELNICE (Id, Oznaka, Ime, Cena, Borza, Sektor, KOLICINA) VALUES (369, 'EXTR', 'EXTREME NETWORKS INC', 7.37, 'EEA', 'XLF', NULL);
INSERT INTO DELNICE (Id, Oznaka, Ime, Cena, Borza, Sektor, KOLICINA) VALUES (384, 'FBP', 'FIRST BANCORP PR', 10.57, 'AMX', 'IYR', NULL);
INSERT INTO DELNICE (Id, Oznaka, Ime, Cena, Borza, Sektor, KOLICINA) VALUES (400, 'FBC', 'FLAGSTAR BANCORP INC', 38.48, 'NASDAQ', 'XLB', NULL);
INSERT INTO DELNICE (Id, Oznaka, Ime, Cena, Borza, Sektor, KOLICINA) VALUES (401, 'FLXS', 'FLEXSTEEL INDUSTRIES IN', 20.65, 'NASDAQ', 'XLV', NULL);
INSERT INTO DELNICE (Id, Oznaka, Ime, Cena, Borza, Sektor, KOLICINA) VALUES (405, 'FNB', 'FNB CORP', 12.45, 'SSE', 'XLY', NULL);
INSERT INTO DELNICE (Id, Oznaka, Ime, Cena, Borza, Sektor, KOLICINA) VALUES (416, 'FDP', 'FRESH DEL MONTE PRODUCE', 34.08, 'BSE', 'XLU', NULL);
INSERT INTO DELNICE (Id, Oznaka, Ime, Cena, Borza, Sektor, KOLICINA) VALUES (420, 'FUL', 'FULLER H B CO', 48.44, 'ICEX', 'XLP', NULL);
INSERT INTO DELNICE (Id, Oznaka, Ime, Cena, Borza, Sektor, KOLICINA) VALUES (429, 'GNE', 'GENIE ENERGY LTD', 7.49, 'VSE', 'XLP', NULL);
INSERT INTO DELNICE (Id, Oznaka, Ime, Cena, Borza, Sektor, KOLICINA) VALUES (433, 'GEOS', 'GEOSPACE TECHNOLOGIES', 15.31, 'SEHK', 'IYR', NULL);
INSERT INTO DELNICE (Id, Oznaka, Ime, Cena, Borza, Sektor, KOLICINA) VALUES (438, 'GBCI', 'GLACIER BANCORP INC', 44.63, 'TSX', 'XLY', NULL);
INSERT INTO DELNICE (Id, Oznaka, Ime, Cena, Borza, Sektor, KOLICINA) VALUES (440, 'GOOD', 'GLADSTONE COMMERCIAL', 21.02, 'SSE', 'XLB', NULL);
INSERT INTO DELNICE (Id, Oznaka, Ime, Cena, Borza, Sektor, KOLICINA) VALUES (443, 'ENT', 'GLOBAL EAGLE ENTMT INC', 0.46, 'MISX', 'XLF', NULL);
INSERT INTO DELNICE (Id, Oznaka, Ime, Cena, Borza, Sektor, KOLICINA) VALUES (447, 'GLUU', 'GLU MOBILE INC', 5.75, 'TWSE', 'XLY', NULL);
INSERT INTO DELNICE (Id, Oznaka, Ime, Cena, Borza, Sektor, KOLICINA) VALUES (449, 'GBDC', 'GOLUB CAP BDC INC', 18.22, 'EEA', 'XLP', NULL);
INSERT INTO DELNICE (Id, Oznaka, Ime, Cena, Borza, Sektor, KOLICINA) VALUES (450, 'GDP', 'GOODRICH PETROLEUM CORP', 8.95, 'SSE', 'XLE', NULL);
INSERT INTO DELNICE (Id, Oznaka, Ime, Cena, Borza, Sektor, KOLICINA) VALUES (456, 'GPK', 'GRAPHIC PACKAGING HLDG', 16.1, 'EEA', 'XLE', NULL);
INSERT INTO DELNICE (Id, Oznaka, Ime, Cena, Borza, Sektor, KOLICINA) VALUES (468, 'GSIT', 'GSI TECHNOLOGY', 7.13, 'EEA', 'XLF', NULL);
INSERT INTO DELNICE (Id, Oznaka, Ime, Cena, Borza, Sektor, KOLICINA) VALUES (480, 'HLIT', 'HARMONIC INC', 7.88, 'TWSE', 'XLF', NULL);
INSERT INTO DELNICE (Id, Oznaka, Ime, Cena, Borza, Sektor, KOLICINA) VALUES (484, 'HWKN', 'HAWKINS INC', 42.89, 'NYSE', 'XLP', NULL);
INSERT INTO DELNICE (Id, Oznaka, Ime, Cena, Borza, Sektor, KOLICINA) VALUES (486, 'HCI', 'HCI GROUP INC', 43.85, 'TSX', 'XLT', NULL);
INSERT INTO DELNICE (Id, Oznaka, Ime, Cena, Borza, Sektor, KOLICINA) VALUES (487, 'HIIQ', 'HEALTH INS INNOVATIONS', 18.76, 'LSE', 'IYR', NULL);
INSERT INTO DELNICE (Id, Oznaka, Ime, Cena, Borza, Sektor, KOLICINA) VALUES (490, 'HTLD', 'HEARTLAND EXPRESS INC', 20.52, 'VSE', 'XLI', NULL);
INSERT INTO DELNICE (Id, Oznaka, Ime, Cena, Borza, Sektor, KOLICINA) VALUES (491, 'HTLF', 'HEARTLAND FINANCIAL USA', 49.58, 'LSE', 'XLE', NULL);
INSERT INTO DELNICE (Id, Oznaka, Ime, Cena, Borza, Sektor, KOLICINA) VALUES (494, 'HELE', 'HELEN OF TROY LTD', 189.35, 'SEHK', 'XLU', NULL);
INSERT INTO DELNICE (Id, Oznaka, Ime, Cena, Borza, Sektor, KOLICINA) VALUES (498, 'HTGC', 'HERCULES TECHNOLOGY GR', 14.01, 'MISX', 'XLV', NULL);
INSERT INTO DELNICE (Id, Oznaka, Ime, Cena, Borza, Sektor, KOLICINA) VALUES (499, 'HTBK', 'HERITAGE COMMERCE CORP', 12.59, 'ASX', 'XLV', NULL);

-- Table: SEKTOR
CREATE TABLE SEKTOR (ID STRING PRIMARY KEY, IME_SEKTORJA STRING NOT NULL, CENA_MRD INTEGER);
INSERT INTO SEKTOR (ID, IME_SEKTORJA, CENA_MRD) VALUES ('XLE', 'Energy', 29);
INSERT INTO SEKTOR (ID, IME_SEKTORJA, CENA_MRD) VALUES ('IYR', 'Real Estate', 32);
INSERT INTO SEKTOR (ID, IME_SEKTORJA, CENA_MRD) VALUES ('XLP', 'Consumer Staples', 4);
INSERT INTO SEKTOR (ID, IME_SEKTORJA, CENA_MRD) VALUES ('XLY', 'Consumer Discretionary', 5);
INSERT INTO SEKTOR (ID, IME_SEKTORJA, CENA_MRD) VALUES ('XLI', 'Industrials', 18);
INSERT INTO SEKTOR (ID, IME_SEKTORJA, CENA_MRD) VALUES ('XLU', 'Utilities', 9);
INSERT INTO SEKTOR (ID, IME_SEKTORJA, CENA_MRD) VALUES ('SMH', 'Infromation Technology', 12);
INSERT INTO SEKTOR (ID, IME_SEKTORJA, CENA_MRD) VALUES ('XLT', 'Telecommunication Services', 19);
INSERT INTO SEKTOR (ID, IME_SEKTORJA, CENA_MRD) VALUES ('XLF', 'Financials', 40);
INSERT INTO SEKTOR (ID, IME_SEKTORJA, CENA_MRD) VALUES ('XLV', 'Healthcare', 30);
INSERT INTO SEKTOR (ID, IME_SEKTORJA, CENA_MRD) VALUES ('XLB', 'Materials', 15);

-- Table: TRANSAKCIJE
CREATE TABLE TRANSAKCIJE (ID INTEGER PRIMARY KEY, TIP STRING NOT NULL, ZNESEK NUMERIC NOT NULL, UPORABNIK REFERENCES UPORABNIK (RACUN) NOT NULL, KOLICINA INTEGER, OZNAKA STRING REFERENCES DELNICE (Oznaka));

-- Table: UPORABNIK
CREATE TABLE UPORABNIK (ID INTEGER PRIMARY KEY, IME STRING NOT NULL, PRIIMEK STRING NOT NULL, DRZAVA STRING NOT NULL, RACUN STRING UNIQUE NOT NULL, SKRBINK BOOLEAN NOT NULL);
INSERT INTO UPORABNIK (ID, IME, PRIIMEK, DRZAVA, RACUN, SKRBINK) VALUES (12, 'McCue', 'McCue', 'Russia', 'FR89 2219 2579 36XE CT6F XPUW A96', 0);
INSERT INTO UPORABNIK (ID, IME, PRIIMEK, DRZAVA, RACUN, SKRBINK) VALUES (17, 'Stiller', 'Abelson', 'Japan', 'IE04 TPMN 8097 9070 1814 21', 0);
INSERT INTO UPORABNIK (ID, IME, PRIIMEK, DRZAVA, RACUN, SKRBINK) VALUES (30, 'Schwieso', 'Twelftree', 'Bosnia and Herzegovina', 'TR79 7871 22WJ SIC5 X5P1 RVXF TG', 1);
INSERT INTO UPORABNIK (ID, IME, PRIIMEK, DRZAVA, RACUN, SKRBINK) VALUES (37, 'Crufts', 'Highway', 'Mexico', 'DE34 7955 4728 1120 7523 03', 1);
INSERT INTO UPORABNIK (ID, IME, PRIIMEK, DRZAVA, RACUN, SKRBINK) VALUES (60, 'Tripony', 'Killelea', 'Brazil', 'GT80 WB7L GAT2 GQOH P8QZ 4LCC G0YD', 1);
INSERT INTO UPORABNIK (ID, IME, PRIIMEK, DRZAVA, RACUN, SKRBINK) VALUES (76, 'Beardon', 'Aistrop', 'Indonesia', 'DK34 5691 8029 3751 30', 0);
INSERT INTO UPORABNIK (ID, IME, PRIIMEK, DRZAVA, RACUN, SKRBINK) VALUES (84, 'Hawlgarth', 'Horsell', 'Russia', 'BG42 BOMA 3301 68CK WRJX VK', 0);
INSERT INTO UPORABNIK (ID, IME, PRIIMEK, DRZAVA, RACUN, SKRBINK) VALUES (90, 'Chopy', 'Harriskine', 'South Korea', 'PT10 1910 6413 6662 9336 1756 5', 0);
INSERT INTO UPORABNIK (ID, IME, PRIIMEK, DRZAVA, RACUN, SKRBINK) VALUES (110, 'Roller', 'Jeeks', 'China', 'AL69 5175 9608 NFXD MEOW WCCA E1AY', 0);
INSERT INTO UPORABNIK (ID, IME, PRIIMEK, DRZAVA, RACUN, SKRBINK) VALUES (112, 'Cotta', 'Crosi', 'Greece', 'FR43 0303 5721 2419 X6IF IZA2 580', 0);
INSERT INTO UPORABNIK (ID, IME, PRIIMEK, DRZAVA, RACUN, SKRBINK) VALUES (134, 'Capnerhurst', 'Late', 'Indonesia', 'KW65 ULNG QHG5 BF5R L2GN D4AK 0SZC JQ', 0);
INSERT INTO UPORABNIK (ID, IME, PRIIMEK, DRZAVA, RACUN, SKRBINK) VALUES (142, 'Edelman', 'Bull', 'Indonesia', 'LI30 6249 6TR3 1NCG YLJP S', 1);
INSERT INTO UPORABNIK (ID, IME, PRIIMEK, DRZAVA, RACUN, SKRBINK) VALUES (154, 'Blood', 'Smerdon', 'Ukraine', 'FR81 4338 6938 33ZB KKSN 7AV6 K58', 1);
INSERT INTO UPORABNIK (ID, IME, PRIIMEK, DRZAVA, RACUN, SKRBINK) VALUES (163, 'Jellico', 'Novak', 'Yemen', 'GL36 1774 9144 5756 67', 0);
INSERT INTO UPORABNIK (ID, IME, PRIIMEK, DRZAVA, RACUN, SKRBINK) VALUES (165, 'Simcox', 'Sabathe', 'Indonesia', 'GR72 6415 966P KEJ1 KSU9 EEAP CUQ', 0);
INSERT INTO UPORABNIK (ID, IME, PRIIMEK, DRZAVA, RACUN, SKRBINK) VALUES (168, 'Magwood', 'Gresswell', 'Russia', 'HR59 9419 0381 7302 5040 8', 0);
INSERT INTO UPORABNIK (ID, IME, PRIIMEK, DRZAVA, RACUN, SKRBINK) VALUES (176, 'Ubsdell', 'Atley', 'Mali', 'MR90 6728 2983 4547 0269 6460 643', 1);
INSERT INTO UPORABNIK (ID, IME, PRIIMEK, DRZAVA, RACUN, SKRBINK) VALUES (177, 'Sewley', 'Collins', 'Portugal', 'ME18 3657 5386 5782 5241 85', 1);
INSERT INTO UPORABNIK (ID, IME, PRIIMEK, DRZAVA, RACUN, SKRBINK) VALUES (181, 'Harbard', 'Maddyson', 'China', 'ME92 2178 0939 2836 3617 90', 0);
INSERT INTO UPORABNIK (ID, IME, PRIIMEK, DRZAVA, RACUN, SKRBINK) VALUES (193, 'Ide', 'Vamplus', 'Saudi Arabia', 'RO81 TWIH TSVZ H2IR VEWT WDD1', 0);
INSERT INTO UPORABNIK (ID, IME, PRIIMEK, DRZAVA, RACUN, SKRBINK) VALUES (202, 'Roscoe', 'Loggie', 'Peru', 'IE87 QFQC 8541 8093 9002 05', 0);
INSERT INTO UPORABNIK (ID, IME, PRIIMEK, DRZAVA, RACUN, SKRBINK) VALUES (208, 'Collins', 'Kertess', 'Norway', 'LI63 5593 6BY0 SOHU VSPE Y', 1);
INSERT INTO UPORABNIK (ID, IME, PRIIMEK, DRZAVA, RACUN, SKRBINK) VALUES (217, 'Learmonth', 'Greenside', 'China', 'VG94 MYHF 4151 7424 9707 6485', 0);
INSERT INTO UPORABNIK (ID, IME, PRIIMEK, DRZAVA, RACUN, SKRBINK) VALUES (220, 'Twiggins', 'Polino', 'Argentina', 'AZ77 HPSR MMMG K8HF TGKO N0ND BZSF', 1);
INSERT INTO UPORABNIK (ID, IME, PRIIMEK, DRZAVA, RACUN, SKRBINK) VALUES (228, 'Daniell', 'Adrien', 'Indonesia', 'ES45 1641 7432 1571 4752 1288', 0);
INSERT INTO UPORABNIK (ID, IME, PRIIMEK, DRZAVA, RACUN, SKRBINK) VALUES (234, 'Tithacott', 'Giovannacci', 'Philippines', 'BE83 5343 3959 7819', 0);
INSERT INTO UPORABNIK (ID, IME, PRIIMEK, DRZAVA, RACUN, SKRBINK) VALUES (241, 'Fuggles', 'Tyhurst', 'China', 'BE88 7175 5911 5214', 0);
INSERT INTO UPORABNIK (ID, IME, PRIIMEK, DRZAVA, RACUN, SKRBINK) VALUES (243, 'Livingstone', 'Mila', 'Ireland', 'BG10 LSJM 2536 43SE IP9P DT', 1);
INSERT INTO UPORABNIK (ID, IME, PRIIMEK, DRZAVA, RACUN, SKRBINK) VALUES (304, 'Kenninghan', 'Keohane', 'China', 'PT57 2123 2747 9316 0741 5677 4', 1);
INSERT INTO UPORABNIK (ID, IME, PRIIMEK, DRZAVA, RACUN, SKRBINK) VALUES (313, 'Rigney', 'Markwell', 'Nigeria', 'BE28 0639 7765 8125', 0);
INSERT INTO UPORABNIK (ID, IME, PRIIMEK, DRZAVA, RACUN, SKRBINK) VALUES (323, 'Collman', 'MacTerlagh', 'Albania', 'BE19 3928 4373 1520', 0);
INSERT INTO UPORABNIK (ID, IME, PRIIMEK, DRZAVA, RACUN, SKRBINK) VALUES (344, 'Akehurst', 'Acreman', 'Colombia', 'HU84 0768 6071 4181 6667 5012 4522', 0);
INSERT INTO UPORABNIK (ID, IME, PRIIMEK, DRZAVA, RACUN, SKRBINK) VALUES (350, 'Cheetham', 'Kirkup', 'Indonesia', 'FR64 0182 8068 96JV 3V3X HAKB Q55', 0);
INSERT INTO UPORABNIK (ID, IME, PRIIMEK, DRZAVA, RACUN, SKRBINK) VALUES (374, 'Hadley', 'Luna', 'United States', 'LB38 3188 TGTS KLKD 0I3L 8VQV XGVT', 0);
INSERT INTO UPORABNIK (ID, IME, PRIIMEK, DRZAVA, RACUN, SKRBINK) VALUES (387, 'Yoskowitz', 'Twining', 'Greece', 'NO89 9117 8590 774', 1);
INSERT INTO UPORABNIK (ID, IME, PRIIMEK, DRZAVA, RACUN, SKRBINK) VALUES (390, 'Challinor', 'Moorerud', 'Mongolia', 'CH46 4679 1FXL VHN2 JTIR N', 0);
INSERT INTO UPORABNIK (ID, IME, PRIIMEK, DRZAVA, RACUN, SKRBINK) VALUES (404, 'Cuxson', 'Lashley', 'China', 'FR06 6184 9982 65G8 OYJA 6KLB H01', 0);
INSERT INTO UPORABNIK (ID, IME, PRIIMEK, DRZAVA, RACUN, SKRBINK) VALUES (409, 'Maceur', 'Hails', 'China', 'GR75 5513 675Q F2QG XPC8 OA0J GRG', 0);
INSERT INTO UPORABNIK (ID, IME, PRIIMEK, DRZAVA, RACUN, SKRBINK) VALUES (421, 'Palke', 'Bedle', 'Greece', 'RS11 9966 0249 8908 5013 73', 1);
INSERT INTO UPORABNIK (ID, IME, PRIIMEK, DRZAVA, RACUN, SKRBINK) VALUES (429, 'McComiskey', 'Romaynes', 'Indonesia', 'DO27 UMNQ 7332 6123 0787 4224 6527', 1);
INSERT INTO UPORABNIK (ID, IME, PRIIMEK, DRZAVA, RACUN, SKRBINK) VALUES (432, 'Daffey', 'Burdge', 'China', 'RS52 0828 6358 7409 5410 05', 0);
INSERT INTO UPORABNIK (ID, IME, PRIIMEK, DRZAVA, RACUN, SKRBINK) VALUES (441, 'Antusch', 'Kleinmann', 'Indonesia', 'NO60 4510 8873 334', 0);
INSERT INTO UPORABNIK (ID, IME, PRIIMEK, DRZAVA, RACUN, SKRBINK) VALUES (442, 'Morais', 'SINTOn', 'China', 'EE15 9639 2166 7700 4803', 0);
INSERT INTO UPORABNIK (ID, IME, PRIIMEK, DRZAVA, RACUN, SKRBINK) VALUES (448, 'McGilvary', 'Pardal', 'Japan', 'FR04 0452 9093 65XV MTZ2 34RV M18', 1);
INSERT INTO UPORABNIK (ID, IME, PRIIMEK, DRZAVA, RACUN, SKRBINK) VALUES (449, 'Linford', 'Grigorescu', 'China', 'HR68 2897 0662 4907 9188 1', 0);
INSERT INTO UPORABNIK (ID, IME, PRIIMEK, DRZAVA, RACUN, SKRBINK) VALUES (453, 'Buist', 'Novak', 'China', 'HU74 6697 9223 0424 8276 9920 1395', 1);
INSERT INTO UPORABNIK (ID, IME, PRIIMEK, DRZAVA, RACUN, SKRBINK) VALUES (464, 'Braine', 'Worts', 'Guatemala', 'RS95 0552 3433 9335 0365 37', 0);
INSERT INTO UPORABNIK (ID, IME, PRIIMEK, DRZAVA, RACUN, SKRBINK) VALUES (465, 'Jewster', 'Mottini', 'South Africa', 'AZ11 TAIG AZH6 VPOL XKLA OTD7 KISQ', 0);
INSERT INTO UPORABNIK (ID, IME, PRIIMEK, DRZAVA, RACUN, SKRBINK) VALUES (467, 'Hulland', 'Abelson', 'China', 'NO20 6659 4779 708', 0);
INSERT INTO UPORABNIK (ID, IME, PRIIMEK, DRZAVA, RACUN, SKRBINK) VALUES (469, 'Pappin', 'Chessil', 'China', 'HR18 7489 4117 5446 6860 5', 0);
INSERT INTO UPORABNIK (ID, IME, PRIIMEK, DRZAVA, RACUN, SKRBINK) VALUES (491, 'Bedham', 'Malone', 'Greece', 'AD05 2561 0094 4IQK G4HH P3O2', 0);
INSERT INTO UPORABNIK (ID, IME, PRIIMEK, DRZAVA, RACUN, SKRBINK) VALUES (495, 'Stirrup', 'Godbolt', 'China', 'RS61 5533 1347 9508 8547 64', 0);
INSERT INTO UPORABNIK (ID, IME, PRIIMEK, DRZAVA, RACUN, SKRBINK) VALUES (515, 'Schachter', 'Darragon', 'China', 'EE97 3505 9585 7105 1951', 0);
INSERT INTO UPORABNIK (ID, IME, PRIIMEK, DRZAVA, RACUN, SKRBINK) VALUES (529, 'Dell Casa', 'Linford', 'Vietnam', 'GB79 VETC 3912 1470 8733 95', 0);
INSERT INTO UPORABNIK (ID, IME, PRIIMEK, DRZAVA, RACUN, SKRBINK) VALUES (532, 'Barth', 'Liebrecht', 'China', 'GE84 XS84 5660 4532 0732 69', 0);
INSERT INTO UPORABNIK (ID, IME, PRIIMEK, DRZAVA, RACUN, SKRBINK) VALUES (539, 'Deverock', 'Tyhurst', 'China', 'IL21 0525 2372 8375 6067 239', 1);
INSERT INTO UPORABNIK (ID, IME, PRIIMEK, DRZAVA, RACUN, SKRBINK) VALUES (559, 'Ludman', 'Haffenden', 'Japan', 'FR13 7807 2240 49EM AIYY MTSW W69', 1);
INSERT INTO UPORABNIK (ID, IME, PRIIMEK, DRZAVA, RACUN, SKRBINK) VALUES (585, 'Meikle', 'Sheeran', 'Malaysia', 'AE75 9146 2685 1317 0512 403', 1);
INSERT INTO UPORABNIK (ID, IME, PRIIMEK, DRZAVA, RACUN, SKRBINK) VALUES (587, 'Sillars', 'Gingedale', 'Sweden', 'MU28 TFXG 3129 9997 8534 1807 358W VS', 1);
INSERT INTO UPORABNIK (ID, IME, PRIIMEK, DRZAVA, RACUN, SKRBINK) VALUES (593, 'Abelson', 'Coate', 'Philippines', 'KW95 ETXU DFEQ ZVLD BRC9 QWUH VWJ3 6J', 0);
INSERT INTO UPORABNIK (ID, IME, PRIIMEK, DRZAVA, RACUN, SKRBINK) VALUES (595, 'Gherardelli', 'Simonot', 'South Korea', 'CR64 8146 2093 6537 8775 2', 0);
INSERT INTO UPORABNIK (ID, IME, PRIIMEK, DRZAVA, RACUN, SKRBINK) VALUES (596, 'Melley', 'Challinor', 'Russia', 'PL96 7822 8697 6637 4471 2114 5002', 0);
INSERT INTO UPORABNIK (ID, IME, PRIIMEK, DRZAVA, RACUN, SKRBINK) VALUES (607, 'Beasleigh', 'Bowmaker', 'Vietnam', 'LV36 DGBF CV1F MYC3 SLCK T', 0);
INSERT INTO UPORABNIK (ID, IME, PRIIMEK, DRZAVA, RACUN, SKRBINK) VALUES (608, 'Heading', 'Tithacott', 'China', 'MC59 9606 8192 27QE 3O5E I4FD S16', 0);
INSERT INTO UPORABNIK (ID, IME, PRIIMEK, DRZAVA, RACUN, SKRBINK) VALUES (612, 'Farrin', 'Bawles', 'Bosnia and Herzegovina', 'GI55 BCJF 7ECS JCOF NGGE L4L', 0);
INSERT INTO UPORABNIK (ID, IME, PRIIMEK, DRZAVA, RACUN, SKRBINK) VALUES (618, 'Strathman', 'Cartwright', 'Indonesia', 'NL53 FXBQ 7450 1388 18', 1);
INSERT INTO UPORABNIK (ID, IME, PRIIMEK, DRZAVA, RACUN, SKRBINK) VALUES (619, 'Chopin', 'McGuckin', 'China', 'MK32 778L KCEN 1BCU Z96', 0);
INSERT INTO UPORABNIK (ID, IME, PRIIMEK, DRZAVA, RACUN, SKRBINK) VALUES (623, 'Clendennen', 'Brazener', 'Indonesia', 'FR39 5197 5893 63MB 72DV BCRB E19', 0);
INSERT INTO UPORABNIK (ID, IME, PRIIMEK, DRZAVA, RACUN, SKRBINK) VALUES (624, 'Lode', 'Twining', 'France', 'GL74 2068 3960 4890 85', 0);
INSERT INTO UPORABNIK (ID, IME, PRIIMEK, DRZAVA, RACUN, SKRBINK) VALUES (631, 'Berrisford', 'Whiff', 'Thailand', 'IE47 SZOC 3299 1600 8014 78', 0);
INSERT INTO UPORABNIK (ID, IME, PRIIMEK, DRZAVA, RACUN, SKRBINK) VALUES (657, 'Boulds', 'Kille', 'Colombia', 'LV58 TFLK 0OJH QVUJ SI9K Z', 0);
INSERT INTO UPORABNIK (ID, IME, PRIIMEK, DRZAVA, RACUN, SKRBINK) VALUES (659, 'Kirkup', 'Preshaw', 'France', 'IE33 EABN 2769 8132 5719 68', 1);
INSERT INTO UPORABNIK (ID, IME, PRIIMEK, DRZAVA, RACUN, SKRBINK) VALUES (669, 'Pynner', 'Haskins', 'Portugal', 'BA71 1149 3383 0145 9542', 0);
INSERT INTO UPORABNIK (ID, IME, PRIIMEK, DRZAVA, RACUN, SKRBINK) VALUES (690, 'Starkings', 'Yve', 'Japan', 'HR18 8745 8058 5883 8179 0', 0);
INSERT INTO UPORABNIK (ID, IME, PRIIMEK, DRZAVA, RACUN, SKRBINK) VALUES (707, 'Larner', 'Worgan', 'China', 'GE62 RY85 5692 5177 4355 16', 1);
INSERT INTO UPORABNIK (ID, IME, PRIIMEK, DRZAVA, RACUN, SKRBINK) VALUES (714, 'Francis', 'Mouat', 'Moldova', 'CZ43 4138 0210 6467 0196 0782', 0);
INSERT INTO UPORABNIK (ID, IME, PRIIMEK, DRZAVA, RACUN, SKRBINK) VALUES (718, 'de Zamora', 'Haizelden', 'United Kingdom', 'AT91 7955 1712 7512 4301', 0);
INSERT INTO UPORABNIK (ID, IME, PRIIMEK, DRZAVA, RACUN, SKRBINK) VALUES (721, 'Lightewood', 'Girodier', 'Mexico', 'GI20 FBQT F6JU NMFZ QSOX OXI', 1);
INSERT INTO UPORABNIK (ID, IME, PRIIMEK, DRZAVA, RACUN, SKRBINK) VALUES (733, 'Martin', 'Sorbey', 'United States', 'GT53 BCTS N1RR IADV JBEK XTNX CJIQ', 0);
INSERT INTO UPORABNIK (ID, IME, PRIIMEK, DRZAVA, RACUN, SKRBINK) VALUES (735, 'Lidgate', 'Preshaw', 'France', 'GR18 0161 105D QBME SRRX HY7W 4NH', 1);
INSERT INTO UPORABNIK (ID, IME, PRIIMEK, DRZAVA, RACUN, SKRBINK) VALUES (764, 'Kiehl', 'Harbin', 'China', 'FR39 6951 7732 15RM 4K5Q 4FBW 930', 0);
INSERT INTO UPORABNIK (ID, IME, PRIIMEK, DRZAVA, RACUN, SKRBINK) VALUES (796, 'Romaines', 'Sheilds', 'Nigeria', 'TR27 2910 3RXF LXGY Y2YZ LOOH TA', 1);
INSERT INTO UPORABNIK (ID, IME, PRIIMEK, DRZAVA, RACUN, SKRBINK) VALUES (820, 'Robinet', 'Trunby', 'United States', 'BE90 5063 9597 4172', 0);
INSERT INTO UPORABNIK (ID, IME, PRIIMEK, DRZAVA, RACUN, SKRBINK) VALUES (862, 'Astupenas', 'Fuidge', 'China', 'FR29 3861 3360 04NY PNLZ PEJ0 R42', 1);
INSERT INTO UPORABNIK (ID, IME, PRIIMEK, DRZAVA, RACUN, SKRBINK) VALUES (884, 'Duchatel', 'Krinks', 'Sweden', 'RO84 GJDW J5IU G6RZ D9KJ ALE7', 0);
INSERT INTO UPORABNIK (ID, IME, PRIIMEK, DRZAVA, RACUN, SKRBINK) VALUES (891, 'Swayte', 'Grimston', 'China', 'DO68 IC3O 7125 3897 8932 5757 9393', 1);
INSERT INTO UPORABNIK (ID, IME, PRIIMEK, DRZAVA, RACUN, SKRBINK) VALUES (900, 'Huckerbe', 'Klimentyonok', 'Portugal', 'FR14 4261 2396 17QU QXLT ZB0M U98', 0);
INSERT INTO UPORABNIK (ID, IME, PRIIMEK, DRZAVA, RACUN, SKRBINK) VALUES (903, 'Gingedale', 'Francis', 'Spain', 'AT49 0415 0440 4478 0623', 0);
INSERT INTO UPORABNIK (ID, IME, PRIIMEK, DRZAVA, RACUN, SKRBINK) VALUES (919, 'Rouchy', 'Crosby', 'China', 'FR38 7746 6801 77CX 2H9S XUUU V95', 1);
INSERT INTO UPORABNIK (ID, IME, PRIIMEK, DRZAVA, RACUN, SKRBINK) VALUES (921, 'Stave', 'Yellowley', 'Morocco', 'GT03 UAD9 UUMB 57N2 YR5J XUFT MKEI', 0);
INSERT INTO UPORABNIK (ID, IME, PRIIMEK, DRZAVA, RACUN, SKRBINK) VALUES (961, 'Kipling', 'Morais', 'Canada', 'PK85 JHXG PB7U 787E NSAS 4ATW', 0);
INSERT INTO UPORABNIK (ID, IME, PRIIMEK, DRZAVA, RACUN, SKRBINK) VALUES (981, 'Bamsey', 'Shutle', 'Argentina', 'FR14 9051 7731 83AV MN9V AXWQ C98', 1);

COMMIT TRANSACTION;
PRAGMA foreign_keys = on;
